id,level,jp,en,cn,category,,削除フラグ（盛り上がらないお題は消す）
1,,レモン,,,果物,,
,,パプリカ,,,,,
,,りんご,,,,,
,,バナナ,,,,,
,,ブドウ,,,,,
,,スイカ,,,,,
,,メロン,,,,,
,,レモン,,,,,
,,キリン,,,,,
,,ニワトリ,,,,,
,,象,,,動物,,
,,犬,,,,,
,,猫,,,,,
,,パンダ,,,,,
,,ライオン,,,,,
,,トラ,,,,,
,,コアラ,,,,,
,,カンガルー,,,,,
,,バレーボール,,,,,
,,審査員,,,,,
,,イノシシ,,,,,
,,メロンパン,,,,,
,,うさぎ,,,,,
,,ピアス,,,,,
,,トンボ,,,,,
,,消防署,,,,,
,,警察官,,,,,
,,お正月,,,,,
,,象,,,,,
,,殺虫剤,,,,,
,,おうむ返し,,,,,
,,ラピュタの動く城,,,,,
,,ムスカ,,,,,
,,飛行石,,,,,
,,巨神兵,,,,,
,,パンダ,,,,,
,,サッカー,,,,,
,,しゃちほこ,,,,,
,,カラオケ,,,,,
,,インド,,,,,
,,ホッチキス,,,,,
,,財布,,,,,
,,鮫,,,,,
,,アメフラシ,,,,,
,,デバスズメダイ,,,,,
,,タテジマキンチャクダイ,,,,,
,,チンアナゴ,,,,,
,,ロボット,,,,,
,,swalllow,,,,,
,,sparrow,,,,,
,,mosquito,,,,,
,,cockroach,,,,,
,,owl,,,,,
,,dove,,,,,
,,盆踊り,,,,,
,,キリン,,,,,
,,かき氷,,,,,
,,煮干し,,,,,
,,金閣寺,,,,,
,,砂糖,,,,,
,,ゴージャス,,,,,
,,地球,,,,,
,,海賊,,,,,
,,アルゼンチン,,,,,
,,ピラミッド,,,,,
,,アルパカ,,,,,
,,アンモナイト,,,,,
,,ペットボトル,,,,,
,,飴玉,,,,,
,,ワドル,,,,,
,,お面,,,,,
,,ドライヤー,,,,,
,,イルカ,,,,,
,,消しゴム,,,,,
,,虹,,,,,
,,亀,,,,,
,,野球,,,,,
,,カラオケ,,,,,
,,アンパンマン,,,,,
,,カバ,,,,,
,,ミッキーマウス,,,,,
,,聖徳太子,,,,,
,,ペンギン,,,,,
,,ピカチュウ,,,,,
,,サザエさん,,,,,
,,霊柩車,,,,,
,,ガンダム,,,,,
,,ウルトラマン,,,,,
,,ゴジラ,,,,,
,,ガチャピン,,,,,
,,バラクオバマ,,,,,
,,ムック,,,,,
,,バイキンマン,,,,,
,,トトロ,,,,,
,,クマのプーさん,,,,,
,,車,,,,,
,,ちびまるこちゃん,,,,,
,,鶏,,,,,
,,喜怒哀楽,,,,,
,,カルタ,,,,,
,,エッフェル塔,,,,,
,,美人,,,,,
,,ボーリング,,,,,
,,テニス,,,,,
,,らくだ,,,,,
,,ビー玉,,,,,
,,最中,,,,,
,,タピオカ,,,,,
,,煽り運転,,,,,
,,闇営業,,,,,
,,ジャッカル,,,,,
,,帰宅難民,,,,,
,,ips細胞,,,,,
,,ダイオウイカ,,,,,
,,リュウグウノツカイ,,,,,
,,ふなっしー,,,,,
,,妖怪ウォッチ,,,,,
,,蟹工船,,,,,
,,埋蔵金,,,,,
,,イナバウアー,,,,,
,,アンチエイジング,,,,,
,,負け犬,,,,,
,,小泉劇場,,,,,
,,ボビーオロゴン,,,,,
,,レイフェイ,,,優太,,
,,Gold_Gliders,,,優太,,